form_main_source;form_main_rain;form_main_wind_direction;form_main_wind_force;form_main_cloud_level;form_main_threats;form_birds_name;form_birds_count_units;form_birds_count_type;form_birds_nesting;form_birds_sex;form_birds_age;form_birds_marking;form_birds_status;form_birds_behaviour;form_birds_death;form_birds_nest_substrate;form_birds_nest_location;form_birds_nest_height;form_birds_nest_position;form_birds_age_individual;form_birds_nest_success;form_herp_name;form_herp_gender;form_herp_age;form_herp_habitat;form_herp_danger_observation;form_cbm_distance;form_cbm_visit_number;form_cbm_sector;form_cbm_habitat;form_ciconia_substratum;form_ciconia_column;form_ciconia_column_type;form_ciconia_tree;form_ciconia_building;form_ciconia_not_occupied;form_ciconia_new_birds
Single observations;No rain;E;0 - Calm;0%;Cultivation;Larus cachinnans | Caspian gull;Individuals;Exact number;Colonies;Male;Ad;Color ring;Non breeding;Feeding;Vehicle;On trees;Single tree;1-3 m.;Next to trunk;Ad;Occupied nest;Ablepharus kitaibelii | European Copper Skink;M (Male);Ad;1. Bright coniferous forests with undergrowth;Fires;1 - (0 - 25 m);E - early visit;1;A.1 Broadleaved woodland;Pylon;with powerlines;concrete;Acacia;roof of church;Have not appeared at all this year;TWO birds
Mid-winter Bird Count;Drizzle;ENE;1 - Light air;10%;Use of pesticides;Alectoris sp. | Chukar/Rock Partridge;Pairs;Min.;Nests;Female;Subad;Metal ring;Possible breeding;Hunting;Poison;On bushes;Group of trees;3-5 m.;On a side branch;Subad;Incubation;Anguis colchica | Slow Worm;F (Female);Sub;1.1. Dense coniferous forests - crops and others;Logging;2 - (25 -100 m);L - late visit;2;A.2 Coniferous woodland;Tree;no powerlines;iron;Elm;roof of bakery;Appeared and then disappeared;ONE bird
Common Bird Monitoring;Rainy;ESE;2 - Light breeze;20%;Mulching;Accipiter brevipes | Levant Sparrowhawk;Nests;Max.;;Undefined;Imm.;Wing tag;Species in nesting habitat;Building of a nest / nest chamber;Hunting;On cliffs / rocks;Forest edge;5-10 m.;On top;Imm.;Pull.;Anguis fragilis | Slow Worm;Couple/Copula;Juv;2. Mixed forests;Construction / development;3 - (over 100 m);;3;A.3 Mixed woodland;Roof;;wooden;Pine;roof of school;;
Migration;;N;3 - Gentle breeze;30%;Irrigation;Accipiter gentilis | Goshawk;Singing males;Range;;;Juv;Transmitter;Singing male ;Adults feeding chicks;Unknown;In the reeds;In forest;over 10 m.;;Juv;Fledglings;Bombina bombina | European Fire-bellied Toad;;Larvae;3. Very sparse coniferous forests with undergrowth;Quarries;f - birds in flight;;4;A.4 Water-logged woodland;Chimney;;;Willow;roof of community center;;
Monitoring wetlands;;NE;4 - Moderate breeze ;40%;Grazing;Accipiter nisus | Eurasian Sparrowhawk;Family / individuals (ad. + juv.);Unspecified number;;;Pull;;Probable breeding;Courtship / mating;Disease;On the ground;;;;Pull;Unsuccessful nest (The tree has been cut down);Bombina variegata | Yellow–bellied Toad;;Eggs;3.1. Meadows, pastures, meadows with scattered shrubs;Pollution;;;5;B.1 Temperate scrub;;;;Oak;roof of town hall;;
Herp and mammal observations;;NNE;5 - Fresh breeze;50%;Abandonment of pastoral systems;Acrocephalus agricola | Paddyfield Warbler;;;;;0 years;;Pair in nesting habitat ;In flight (SF, GF, AF);;Holes in the ground (Bee-easters, Sand martines etc.);;;;0 years;Unsuccessful nest (The tree has fallen);Bufo bufo | Common Toad;;;4. Bright deciduous forests with undergrowth;Poachers;;;6;B.2 Dry (Sclerophyllus) scrub;;;;Lime;roof of private house;;
Eagles forests;;NNW;6 - Strong breeze;60%;Reorganization of agricultural land;Acrocephalus arundinaceus | Great Reed Warbler;;;;;1 years;;Permanent territory ;Roosting (outside of the breeding season);;Building;;;;1 years;Unsuccessful nest (Nest robbery);Caretta caretta | Loggerhead Turtle;;;4.1. Dense deciduous forests;Wind park;;;7;B.3 Steppe grassland on limestone terrain;;;;Poplar;roof of substation;;
Egyptian vultures monitoring;;NW;7 - High wind,Moderate gale,Near gale;70%;Removal of hedges and shrubs;Acrocephalus dumetorum | Blyth’s Reed Warbler;;;;;2 years;;Courtship and display;Individuals flying out of roosting (esp. for geese);;On electric poles;;;;2 years;Unsuccessful nest (Disturbance);Chelonia mydas | Green Turtle;;;5. Very sparse deciduous forests with undergrowth;Solar park;;;8;B.4 Grassland on try siliceorous terrain;;;;Plane tree;roof of factory;;
;;S;8 - Gale,Fresh gale;80%;Livestock breeding;Acrocephalus melanopogon | Moustached Warbler;;;;;3 years;;Visiting probable nest-site;Perched (tree, shrub, pylon, on the ground);;Other;;;;3 years;Unsuccessful nest (Predation / cannibalism);Coronella austriaca | Smooth Snake;;;6. Borderline trees, bushes, grass;mini hydroelectric;;;9;B.5 Alpine and subalpine grassland;;;;Mulberry;roof of bath house;;
;;SE;9 - Strong gale;90%;Feeding livestock;Acrocephalus paludicola | Aquatic Warbler;;;;;4 years;;Agitated behaviour/anxiety calls ;Presented;;;;;;4 years;Unsuccessful nest (Unknown);Darevskia praticola | Meadow Lizard;;;7. Grassland without nearby forests or shrubs or only single ones;Plowing of pastures;;;10;B.6 Wet meadows;;;;Dry;roof of another building;;
;;SSE;10 - Storm,Whole gale;100%;Modification of cultural practices;Acrocephalus palustris | Marsh Warbler;;;;;5 years;;Brood patch ;Wintering;;;;;;5 years;;Dolichophis caspius | Large Whip Snake;;;8. Mix of gardens, vineyards, pastures, meadows, field borders, groves or bushes;Planting with non-typical species;;;;B.7 Mesophile grassland;;;;Other;chimney of church;;
;;SSW;11 - Violent storm;;Agricultural and forestry activities, not listed above;Acrocephalus schoenobaenus | Sedge Warbler;;;;;6 years;;Nest-building;Feeding / hunting;;;;;;6 years;;Elaphe quatuorlineata | Four-lined Snake;;;9. Intensive orchards and vineyards - No grass cover;Excessive overgrowth of pastures;;;;C.1 Improved grassland;;;;;chimney of bakery;;
;;SW;12 - Hurricane-force;;Afforestation;Acrocephalus scirpaceus | Eurasian Reed Warbler;;;;;;;Confirmed breeding;Courting;;;;;;;;Elaphe sauromates | Blotched Snake;;;10. Rocky habitats;Dried up waterbodies;;;;C.2 Agricultural land (crops);;;;;chimney of school;;
;;W;;;Forest management felling;Actitis hypoleucos | Common Sandpiper;;;;;;;Distraction-display/injury-feigning;In flight;;;;;;;;Emys orbicularis | European Pond Turtle;;;11. Dunes overgrown with bushes;Roads;;;;C.3 Orchards, vineyards, tree plantations;;;;;chimney of community center;;
;;WNW;;;Exploitation without re-planting;Actitis macularia | Spotted Sandpiper;;;;;;;Used nest or eggshells ;Singing male(s);;;;;;;;Epidalea viridis | European Green Toad;;;11.1 Longose forests;Invasive species;;;;C.4 Mosaic landscape (tree and scrubs lines);;;;;chimney of town hall;;
;;WSW;;;Cutting / felling;Aegithalos caudatus | Long-tailed Tit;;;;;;;Recently fledged/downy young ;;;;;;;;;Eryx jaculus | Sand Boa;;;12. Gallery forests along rivers;Other;;;;D.1 Cities;;;;;chimney of private house;;
;;;;;Removal of undergrowth;Aegolius funereus | Tengmalm's Owl;;;;;;;Visiting hidden nest/incubating;;;;;;;;;Eurotestudo hermanni | Hermann‘s Tortoise;;;12.1. Ravines;Stocking with fish;;;;D.2 Villages;;;;;chimney of substation;;
;;;;;Removal of dead and dying trees;Aegypius monachus | Cinereous Vulture;;;;;;;Carrying a faecal sac or food for young;;;;;;;;;Hyla arborea | European Tree Frog;;;13. Wetlands - Shores overgrown with reeds;Dead on road;;;;D.3 Industrial zones;;;;;chimney of factory;;
;;;;;Common forest management;Aix galericulata | Mandarin Duck;;;;;;;Nest with eggs;;;;;;;;;Ichthyosaura alpestris | Alpine Newt;;;14. Water habitats:;Dead individual;;;;D.4 Urban parks and gardens;;;;;chimney of bath house;;
;;;;;Artificial afforestation;Aix sponsa | Wood Duck;;;;;;;Nest with young ;;;;;;;;;Lacerta agilis | Sand Lizard;;;14.1 River;Removal of shrubs;;;;D.5 Industrial water bodies;;;;;chimney of another building;;
;;;;;Replanting;Alauda arvensis | Skylark;;;;;;;Wintering;;;;;;;;;Lacerta agilis bosnica | Sand Lizard;;;14.2 Lake;Moult;;;;D.6 Abandoned land;;;;;;;
;;;;;Burning;Alca torda | Razorbill;;;;;;;Migrating;;;;;;;;;Lacerta agilis chersonensis | Sand Lizard;;;14.3 Reservoir;Feces;;;;E.1 Rock slides;;;;;;;
;;;;;Cultivation of fish and shellfish aquaculture;Alcedo atthis | Kingfisher;;;;;;;Vagrant / wandering;;;;;;;;;Lacerta trilineata | Balkan Green Lizard;;;14.4 Micro-reservoir;Singing male;;;;E.2 Rocks and cliffs;;;;;;;
;;;;;Professional fishing;Alectoris barbara | Barbary partridge;;;;;;;;;;;;;;;;Lacerta viridis | Green Lizard;;;14.5 Canal;;;;;E.3 Sand dunes;;;;;;;
;;;;;Fishing at particular places;Alectoris chukar | Chukar;;;;;;;;;;;;;;;;Lissotriton graecus | Greek Newt;;;14.6 Other;;;;;E.4 Caves;;;;;;;
;;;;;Trawling;Alectoris graeca | Rock Partridge;;;;;;;;;;;;;;;;Lissotriton vulgaris | Smooth Newt;;;14.7 Bed of a water fountain;;;;;E.5 Areas with permanent ice and snow;;;;;;;
;;;;;Fishing with floating nets;Alectoris rufa | Red-legged Partridge;;;;;;;;;;;;;;;;Malpolon insignitus | Eastern Montpellier Snake;;;14.8 Rut on a road;;;;;F.1 Peatland ;;;;;;;
;;;;;Collection of baits;Alle alle | Little auk;;;;;;;;;;;;;;;;Mauremys rivulata | Balkan Terrapin;;;14.9 Ditch along a road;;;;;F.2 Water vegetation;;;;;;;
;;;;;Hunting;Alopochen aegyptiacus | Egyptian goose;;;;;;;;;;;;;;;;Mediodactylus kotschyi | Kotschy’s Gecko;;;14.10 Puddle on the road;;;;;F.3 Riverine bogs and marshes;;;;;;;
;;;;;Taking from the nest (Falcons);Amandava amandava | ;;;;;;;;;;;;;;;;Natrix natrix | Grass Snake;;;15. coverage of coastal vegetation;;;;;G.1 Lagoons;;;;;;;
;;;;;Other impacts associated with recreation and tourism, not listed above;Ammomanes deserti | Desert Lark;;;;;;;;;;;;;;;;Natrix natrix natrix | Grass Snake;;;15.1  from 0 to 33 %;;;;;G.2 Freshwater lakes;;;;;;;
;;;;;Landfills, recovery of land and drainage;Ammoperdix griseogularis | See-see Partridge;;;;;;;;;;;;;;;;Natrix natrix persa | Grass Snake;;;15.2 from 34 to 66 %;;;;;G.3 Brakish lakes;;;;;;;
;;;;;Filling of ditches, drains, ponds, pools, ponds or ditches;Anas acuta | Pintail;;;;;;;;;;;;;;;;Natrix tessellata | Dice Snake;;;15.3 from 67 to 99 %;;;;;G.4 Rivers;;;;;;;
;;;;;Drainage;Anas carolinensis | Green-winged teal;;;;;;;;;;;;;;;;Ophisops elegans | Snake-eyed lizard;;;16. Farmland;;;;;H.1 Marine - open shore;;;;;;;
;;;;;Management of water and coastal vegetation for drainage;Anas clypeata | Shoveler;;;;;;;;;;;;;;;;Pelobates fuscus | Common Spadefoot;;;16.1. Fallow;;;;;H.2 Marine - sea bays;;;;;;;
;;;;;Removal of sediment (silt ...);Anas crecca | Teal;;;;;;;;;;;;;;;;Pelobates syriacus | Eastern Spadefoot;;;16.2. Vegetable gardens;;;;;H.3 Estuarine;;;;;;;
;;;;;Sewage;Anas discors | Blue-winged teal;;;;;;;;;;;;;;;;Pelophylax kl. esculentus | Edible Frog;;;16.3. Grain cultures;;;;;H.4 Mud or silt marine shallow areas;;;;;;;
;;;;;Dikes, embankments, artificial beaches, general;Anas falcata | Falcated Duck;;;;;;;;;;;;;;;;Pelophylax ridibundus | Marsh Frog;;;16.4. Alfalfa;;;;;H.5 Fully vegetated saline areas;;;;;;;
;;;;;Water-level management;Anas penelope | Wigeon;;;;;;;;;;;;;;;;Platyceps collaris | Reddish Whip Snake;;;17. Dirt road;;;;;H.6 Shoreline and sand dunes;;;;;;;
;;;;;Extraction of sand and gravel;Anas platyrhynchos | Mallard;;;;;;;;;;;;;;;;Platyceps najadum | Dahl’s Whip Snake;;;18. Asphalt road;;;;;H.7 Silt marine shoreline;;;;;;;
;;;;;Quarries;Anas querquedula | Garganey;;;;;;;;;;;;;;;;Podarcis erhardii | Erhard's Wall Lizard;;;19. Buildings (outside settlements);;;;;H.8 Cliff - vertical/steep slopes;;;;;;;
;;;;;Withdrawal of materials from the beach;Anas strepera | Gadwall;;;;;;;;;;;;;;;;Podarcis muralis | Common Wall Lizard;;;20. Settlement territories;;;;;H.9 Islands and rocks in water;;;;;;;
;;;;;Extraction of peat;Anser albifrons | Greater White-fronted Goose;;;;;;;;;;;;;;;;Podarcis tauricus | Balkan Wall Lizard;;;21. Urban territories;;;;;;;;;;;;
;;;;;Manual collection of peat;Anser anser | Greylag Goose;;;;;;;;;;;;;;;;Pseudopus apodus | Scheltopusik;;;14.11. Marsh;;;;;;;;;;;;
;;;;;Mechanical collection of peat;Anser brachyrhynchus | Pink-footed goose;;;;;;;;;;;;;;;;Rana dalmatina | Agile Frog;;;14.12. Small lake (up to 30 sq. m);;;;;;;;;;;;
;;;;;Exploration and production of oil or gas;Anser caerulescens | Snow Goose;;;;;;;;;;;;;;;;Rana graeca | Balkan Stream Frog;;;14.13. Shaft;;;;;;;;;;;;
;;;;;Mining;Anser erythropus | Lesser White-fronted Goose;;;;;;;;;;;;;;;;Rana temporaria | Common Frog;;;14.14. Rock face;;;;;;;;;;;;
;;;;;Open mine(s);Anser fabalis | Bean Goose;;;;;;;;;;;;;;;;Salamandra salamandra | Fire Salamander;;;10.1.Шкарп;;;;;;;;;;;;
;;;;;Saltwork;Anser serrirostis |  Tundra Bean Goose;;;;;;;;;;;;;;;;Telescopus fallax | Cat Snake;;;22. Woodcutting area;;;;;;;;;;;;
;;;;;Activities related to mining and extraction of materials, not listed above;Anser spp. | Unidentified goose;;;;;;;;;;;;;;;;Testudo graeca | Spur-thighed Tortoise;;;99. Other;;;;;;;;;;;;
;;;;;Water pollution;Anthropoides virgo | Demoiselle Crane;;;;;;;;;;;;;;;;Trachemys scripta | Red-eared Slider;;;;;;;;;;;;;;;
;;;;;Air pollution;Anthus berthelotii | Berthelot's pipit;;;;;;;;;;;;;;;;Triturus cristatus | Macedonian Crested Newt;;;;;;;;;;;;;;;
;;;;;Soil pollution;Anthus campestris | Tawny Pipit;;;;;;;;;;;;;;;;Triturus dobrogicus | Northern Crested Newt;;;;;;;;;;;;;;;
;;;;;Urbanized territories, inhabited by people;Anthus cervinus | Red-throated Pipit;;;;;;;;;;;;;;;;Triturus ivanbureschi | Danube Crested Newt;;;;;;;;;;;;;;;
;;;;;Ongoing urbanization;Anthus gustavi | Pechora Pipit;;;;;;;;;;;;;;;;Triturus macedonicus | Balkan Crested Newt;;;;;;;;;;;;;;;
;;;;;Discontinued urbanization;Anthus hodgsoni | Olive-backed pipit;;;;;;;;;;;;;;;;Typhlops vermicularis | Worm Snake;;;;;;;;;;;;;;;
;;;;;Scattered settlements;Anthus novaeseelandiae | Australasian Pipit ;;;;;;;;;;;;;;;;Vipera ammodytes | Nose-horned Viper;;;;;;;;;;;;;;;
;;;;;;Anthus petrosus | Rock Pipit;;;;;;;;;;;;;;;;Vipera ammodytes ammodytes | Nose-horned Viper;;;;;;;;;;;;;;;
;;;;;;Anthus pratensis | Meadow Pipit ;;;;;;;;;;;;;;;;Vipera ammodytes montandoni | Nose-horned Viper;;;;;;;;;;;;;;;
;;;;;;Anthus richardi | Richard’s Pipit;;;;;;;;;;;;;;;;Vipera aspis | Asp viper;;;;;;;;;;;;;;;
;;;;;;Anthus spinoletta | Water Pipit;;;;;;;;;;;;;;;;Vipera berus | Adder;;;;;;;;;;;;;;;
;;;;;;Anthus trivialis | Tree Pipit;;;;;;;;;;;;;;;;Vipera ursinii | Meadow Viper;;;;;;;;;;;;;;;
;;;;;;Apus affinis | Little Swift;;;;;;;;;;;;;;;;Zamenis longissimus | Aesculapian Snake;;;;;;;;;;;;;;;
;;;;;;Apus apus | Swift;;;;;;;;;;;;;;;;Zamenis situla | Leopard Snake;;;;;;;;;;;;;;;
;;;;;;Apus caffer | White-rumped swift ;;;;;;;;;;;;;;;;Zootoca vivipara | Viviparous Lizard;;;;;;;;;;;;;;;
;;;;;;Apus melba | Alpine Swift;;;;;;;;;;;;;;;;Erinaceus roumanicus | Eastern Hedgehog;;;;;;;;;;;;;;;
;;;;;;Apus pallidus | Pallid Swift;;;;;;;;;;;;;;;;Talpa europea | Europen Mole;;;;;;;;;;;;;;;
;;;;;;Apus unicolor | Plain Swift;;;;;;;;;;;;;;;;Talpa levantis | Levantine Mole;;;;;;;;;;;;;;;
;;;;;;Aquila adalberti | Spanish Imperial Eagle;;;;;;;;;;;;;;;;Sorex araneus | Common Shrew;;;;;;;;;;;;;;;
;;;;;;Aquila chrysaetos | Golden Eagle;;;;;;;;;;;;;;;;Sorex minutus | Pygmy Shrew;;;;;;;;;;;;;;;
;;;;;;Aquila clanga | Greater Spotted Eagle;;;;;;;;;;;;;;;;Neomys anomalus | Miller's Water shrew;;;;;;;;;;;;;;;
;;;;;;Aquila heliaca | Imperial Eagle;;;;;;;;;;;;;;;;Neomys fodiens | Water Shrew;;;;;;;;;;;;;;;
;;;;;;Aquila nipalensis | Steppe Eagle;;;;;;;;;;;;;;;;Crocidura leucodon | Bicoloured White-toothed Shrew;;;;;;;;;;;;;;;
;;;;;;Aquila pomarina | Lesser Spotted Eagle;;;;;;;;;;;;;;;;Crocidura suaveolens | Lesser White-toothed Shrew;;;;;;;;;;;;;;;
;;;;;;Aquila rapax | Tawny Eagle;;;;;;;;;;;;;;;;Suncus etruscus | Pygmy White-toothed Shrew;;;;;;;;;;;;;;;
;;;;;;Ardea cinerea | Grey Heron;;;;;;;;;;;;;;;;Lepus europeus | European Hare;;;;;;;;;;;;;;;
;;;;;;Ardea purpurea | Purple Heron;;;;;;;;;;;;;;;;Oryctolagus cuniculus | Rabbit;;;;;;;;;;;;;;;
;;;;;;Ardeola ralloides | Squacco Heron;;;;;;;;;;;;;;;;Sciurus vulgaris | Red Squirrel;;;;;;;;;;;;;;;
;;;;;;Arenaria interpres | Turnstone ;;;;;;;;;;;;;;;;Spermophilus citellus | European Souslik;;;;;;;;;;;;;;;
;;;;;;Asio flammeus | Short-eared Owl;;;;;;;;;;;;;;;;Dryomys nitedula | Forest Dormouse;;;;;;;;;;;;;;;
;;;;;;Asio otus | Long-eared Owl;;;;;;;;;;;;;;;;Glis glis | Fat Dormouse;;;;;;;;;;;;;;;
;;;;;;Athene noctua | Little Owl;;;;;;;;;;;;;;;;Muscardinus avellanarius | Hezel Dormouse;;;;;;;;;;;;;;;
;;;;;;Aythya collaris | Ring-necked Duck;;;;;;;;;;;;;;;;Myomimus roachi | Roach's Mouse-tailed Dormouse;;;;;;;;;;;;;;;
;;;;;;Aythya ferina | Common Pochard;;;;;;;;;;;;;;;;Micromys minutus | Harvest Mouse;;;;;;;;;;;;;;;
;;;;;;Aythya fuligula | Tufted Duck;;;;;;;;;;;;;;;;Sylvaemus epimelas | Western Rock Mouse;;;;;;;;;;;;;;;
;;;;;;Aythya marila | Greater Scaup;;;;;;;;;;;;;;;;Sylvaemus flavicollis | Yellow-necked Mouse;;;;;;;;;;;;;;;
;;;;;;Aythya nyroca | Ferruginous Duck;;;;;;;;;;;;;;;;Sylvaemus sylvaticus | Wood Mouse;;;;;;;;;;;;;;;
;;;;;;Bombycilla garrulus | Bohemian Waxwing ;;;;;;;;;;;;;;;;Sylvaemus uralensis | Pygmy Field Mouse;;;;;;;;;;;;;;;
;;;;;;Bonasa bonasia | Hazel Grouse;;;;;;;;;;;;;;;;Apodemus agrarius | Striped Field Mouse;;;;;;;;;;;;;;;
;;;;;;Botaurus lentiginosus | ;;;;;;;;;;;;;;;;Rattus rattus | Black Rat;;;;;;;;;;;;;;;
;;;;;;Botaurus stellaris | Bittern ;;;;;;;;;;;;;;;;Rattus norvegicus | Brown rat;;;;;;;;;;;;;;;
;;;;;;Branta bernicla | Brent Goose;;;;;;;;;;;;;;;;Mus musculus musculus | House Mouse;;;;;;;;;;;;;;;
;;;;;;Branta canadensis | Canadian Goose;;;;;;;;;;;;;;;;Mus musculus domesticus | House Mouse;;;;;;;;;;;;;;;
;;;;;;Branta leucopsis | Barnacle Goose;;;;;;;;;;;;;;;;Mus spicilegus | Steppe Mouse;;;;;;;;;;;;;;;
;;;;;;Branta ruficollis | Red-breasted Goose;;;;;;;;;;;;;;;;Mus macedonicus | Balkan Short-taile Mouse;;;;;;;;;;;;;;;
;;;;;;Bubo bubo | Eagle Owl;;;;;;;;;;;;;;;;Cricetus cricetus | Common Hamster;;;;;;;;;;;;;;;
;;;;;;Bubulcus ibis | Cattle Egret;;;;;;;;;;;;;;;;Mesocricetus newtoni | Romanian Hamster;;;;;;;;;;;;;;;
;;;;;;Bucanetes githagineus | Trumpeter finch;;;;;;;;;;;;;;;;Cricetulus migratоrius | Grey Hamster;;;;;;;;;;;;;;;
;;;;;;Bucanetes mongolicus | Mongolian finch;;;;;;;;;;;;;;;;Ondatra zibethicus | Muskrat;;;;;;;;;;;;;;;
;;;;;;Bucephala clangula | Goldeneye ;;;;;;;;;;;;;;;;Clethrionomys glareolus | Bank Vole;;;;;;;;;;;;;;;
;;;;;;Bucephala islandica | ;;;;;;;;;;;;;;;;Arvicola terrestris | Water Vole;;;;;;;;;;;;;;;
;;;;;;Bulweria bulwerii | ;;;;;;;;;;;;;;;;Microtus arvalis | Common Vole;;;;;;;;;;;;;;;
;;;;;;Burhinus oedicnemus | Stone Curlew;;;;;;;;;;;;;;;;Microtus levis | Sibling Vole;;;;;;;;;;;;;;;
;;;;;;Buteo buteo | Common Buzzard;;;;;;;;;;;;;;;;Microtus hartingi | Harting's Vole;;;;;;;;;;;;;;;
;;;;;;Buteo lagopus | Rough-legged Buzzard ;;;;;;;;;;;;;;;;Microtus subterraneus | Common Pine Vole;;;;;;;;;;;;;;;
;;;;;;Buteo rufinus | Long-legged Buzzard;;;;;;;;;;;;;;;;Chinomys nivalis | Show Vole;;;;;;;;;;;;;;;
;;;;;;Butorides virescens | ;;;;;;;;;;;;;;;;Sicista subtilis | Southern Birch Mouse;;;;;;;;;;;;;;;
;;;;;;Calandrella brachydactyla | Short-toed Lark;;;;;;;;;;;;;;;;Spalax leucodon | Lesser Mole-rat;;;;;;;;;;;;;;;
;;;;;;Calandrella rufescens | Lesser Short-toed Lark;;;;;;;;;;;;;;;;Myocastor coypus | Coypu;;;;;;;;;;;;;;;
;;;;;;Calcarius lapponicus | Lapland Bunting;;;;;;;;;;;;;;;;Canis lupus | Wolf;;;;;;;;;;;;;;;
;;;;;;Calidris alba | Sanderling;;;;;;;;;;;;;;;;Canis aureus | Golden Jackal;;;;;;;;;;;;;;;
;;;;;;Calidris alpina | Dunlin;;;;;;;;;;;;;;;;Vulpes vulpes | Red Fox;;;;;;;;;;;;;;;
;;;;;;Calidris canutus | Red Knot;;;;;;;;;;;;;;;;Nyctereutes procenoides | Raccoon Dog;;;;;;;;;;;;;;;
;;;;;;Calidris ferruginea | Curlew Sandpiper;;;;;;;;;;;;;;;;Ursus arctos | Brown Bear;;;;;;;;;;;;;;;
;;;;;;Calidris fuscicollis | White-rumped sandpiper;;;;;;;;;;;;;;;;Martes martes | Pine Marten;;;;;;;;;;;;;;;
;;;;;;Calidris maritima | Purple sandpiper;;;;;;;;;;;;;;;;Martes foina | Stone Marten;;;;;;;;;;;;;;;
;;;;;;Calidris mauri | Western sandpiper ;;;;;;;;;;;;;;;;Mustela nivalis | Weasel;;;;;;;;;;;;;;;
;;;;;;Calidris melanotos | Pectoral Sandpiper;;;;;;;;;;;;;;;;Mustela putorius | European Polecat;;;;;;;;;;;;;;;
;;;;;;Calidris minuta | Little Stint;;;;;;;;;;;;;;;;Mustela eversmani | Steppe Polecat;;;;;;;;;;;;;;;
;;;;;;Calidris pusilla | Semipalmated Sandpiper;;;;;;;;;;;;;;;;Vormela peregusna | Marbled Polecat;;;;;;;;;;;;;;;
;;;;;;Calidris temminckii | Temminck's Sandpiper;;;;;;;;;;;;;;;;Meles meles | Badger;;;;;;;;;;;;;;;
;;;;;;Calonectris diomedea | Cory's Shearwater;;;;;;;;;;;;;;;;Lutra lutra | Eurasian Otter;;;;;;;;;;;;;;;
;;;;;;Caprimulgus europaeus | Nightjar;;;;;;;;;;;;;;;;Felis silvestris | Wildcat;;;;;;;;;;;;;;;
;;;;;;Caprimulgus ruficollis | ;;;;;;;;;;;;;;;;Lynx lynx | European Lynx;;;;;;;;;;;;;;;
;;;;;;Carduelis cannabina | Linnet;;;;;;;;;;;;;;;;Delphinus delphis | Common Dolphin;;;;;;;;;;;;;;;
;;;;;;Carduelis carduelis | Goldfinch;;;;;;;;;;;;;;;;Tursiops truncatus | Bottle-nosed Dolphin;;;;;;;;;;;;;;;
;;;;;;Carduelis chloris | Greenfinch;;;;;;;;;;;;;;;;Phocoena phocoena | Porpoise;;;;;;;;;;;;;;;
;;;;;;Carduelis flammea | Common Redpoll;;;;;;;;;;;;;;;;Sus scrofa | Wild Boar;;;;;;;;;;;;;;;
;;;;;;Carduelis flavirostris | Twite;;;;;;;;;;;;;;;;Cervus elaphus | Red Deer;;;;;;;;;;;;;;;
;;;;;;Carduelis hornemanni | Arctic Redpoll;;;;;;;;;;;;;;;;Dama dama | Fallow Deer;;;;;;;;;;;;;;;
;;;;;;Carduelis spinus | Siskin;;;;;;;;;;;;;;;;Capreolus capreolus | European Roe Deer;;;;;;;;;;;;;;;
;;;;;;Carpodacus erythrinus | Common Rosefi nch;;;;;;;;;;;;;;;;Rupicapra rupicapra | Alpine Chamois;;;;;;;;;;;;;;;
;;;;;;Carpodacus rubicilla | ;;;;;;;;;;;;;;;;Ovis gmelinii | Mouflon;;;;;;;;;;;;;;;
;;;;;;Carpospiza brachydactyla | ;;;;;;;;;;;;;;;;Rhinolophus ferrumequinum | Greater Horseshoe Bat;;;;;;;;;;;;;;;
;;;;;;Cepphus grylle | Black Guillemot;;;;;;;;;;;;;;;;Rhinolophus hipposideros | Lesser Horseshoe Bat;;;;;;;;;;;;;;;
;;;;;;Cercotrichas galactotes | Rufous-tailed scrub robin;;;;;;;;;;;;;;;;Rhinolophus blasii | Blasius' Horseshoe Bat;;;;;;;;;;;;;;;
;;;;;;Certhia brachydactyla | Short-toed Treecreeper;;;;;;;;;;;;;;;;Rhinolophus euryale | Mediteranean Horseshoe Bat;;;;;;;;;;;;;;;
;;;;;;Certhia familiaris | Treecreeper;;;;;;;;;;;;;;;;Rhinolophus mehelyi | Mehely's Horseshoe Bat;;;;;;;;;;;;;;;
;;;;;;Ceryle rudis | ;;;;;;;;;;;;;;;;Myotis myotis | Greater Mouse-eared Bat;;;;;;;;;;;;;;;
;;;;;;Cettia cetti | Cetti's Warbler;;;;;;;;;;;;;;;;Myotis blythii | Lesser Mouse-eared Bat;;;;;;;;;;;;;;;
;;;;;;Charadrius alexandrinus | Kentish Plover;;;;;;;;;;;;;;;;Myotis bechsteinii | Bechsten's Bat;;;;;;;;;;;;;;;
;;;;;;Charadrius asiaticus | Caspian Plover;;;;;;;;;;;;;;;;Myotis natteri | Natterer's Bat;;;;;;;;;;;;;;;
;;;;;;Charadrius dubius | Little Ringed Plover;;;;;;;;;;;;;;;;Myotis emarginatus | Geoffroy's Bat;;;;;;;;;;;;;;;
;;;;;;Charadrius hiaticula | Common Ringed Plover;;;;;;;;;;;;;;;;Myotis mystacinus | Whiskered Bat;;;;;;;;;;;;;;;
;;;;;;Charadrius leschenaultii | Greater Sand Plover;;;;;;;;;;;;;;;;Myotis aurascens | Golden Bat;;;;;;;;;;;;;;;
;;;;;;Charadrius morinellus | Eurasian Dotterel;;;;;;;;;;;;;;;;Myotis brandtii | Brandt's bat;;;;;;;;;;;;;;;
;;;;;;Chersophilus duponti | Dupont's lark;;;;;;;;;;;;;;;;Myotis daubentonii | Daubenton's Bat;;;;;;;;;;;;;;;
;;;;;;Chettusia gregaria | Sociable lapwing;;;;;;;;;;;;;;;;Myotis capaccinii | Long-fingered Bat;;;;;;;;;;;;;;;
;;;;;;Chettusia leucura | White-tailed Lapwing;;;;;;;;;;;;;;;;Myotis dasycneme | Pond Bat;;;;;;;;;;;;;;;
;;;;;;Chlamydotis undulata | Houbara Burstard;;;;;;;;;;;;;;;;Myotis alcathoe | Alcathoe's Bat;;;;;;;;;;;;;;;
;;;;;;Chlidonias hybridus | Whiskered Tern;;;;;;;;;;;;;;;;Plecotus austriacus | Brown Long-eared Bat;;;;;;;;;;;;;;;
;;;;;;Chlidonias leucopterus | White-winged Tern;;;;;;;;;;;;;;;;Plecotus auritus | Grey Long-eared Bat;;;;;;;;;;;;;;;
;;;;;;Chlidonias niger | Black Tern;;;;;;;;;;;;;;;;Barabastella barabastellus | Barbastelle;;;;;;;;;;;;;;;
;;;;;;Chrysolophus pictus | Golden Pheasant;;;;;;;;;;;;;;;;Nyctalus noctula | Noctule;;;;;;;;;;;;;;;
;;;;;;Ciconia ciconia | White Stork;;;;;;;;;;;;;;;;Nyctalus lasiopterus | Greater Noctule;;;;;;;;;;;;;;;
;;;;;;Ciconia nigra | Black Stork;;;;;;;;;;;;;;;;Nyctalus leisleri | Leisler's Bat;;;;;;;;;;;;;;;
;;;;;;Cinclus cinclus | Dipper;;;;;;;;;;;;;;;;Pipistrellus pipistrellus | Common Pipistrelle;;;;;;;;;;;;;;;
;;;;;;Circaetus gallicus | Short-toed Eagle;;;;;;;;;;;;;;;;Pipistrellus pygmaeus | Soprano Pipistrelle;;;;;;;;;;;;;;;
;;;;;;Circus aeruginosus | Marsh Harrier;;;;;;;;;;;;;;;;Pipistrellus nathusii | Nathusius' Pipistrelle;;;;;;;;;;;;;;;
;;;;;;Circus cyaneus | Hen Harrier;;;;;;;;;;;;;;;;Pipistrellus kuhlii | Kuhl's Pipistrelle;;;;;;;;;;;;;;;
;;;;;;Circus macrourus | Pallid Harrier;;;;;;;;;;;;;;;;Hypsugo savii | Savi's Pipistrelle;;;;;;;;;;;;;;;
;;;;;;Circus pygargus | Montagu's Harrier;;;;;;;;;;;;;;;;Eptisicus serotinus | Serotine;;;;;;;;;;;;;;;
;;;;;;Cisticola juncidis | Zitting Cisticola;;;;;;;;;;;;;;;;Eptisicus nilssonii | Northern Bat;;;;;;;;;;;;;;;
;;;;;;Clamator glandarius | Spotted Cuckoo;;;;;;;;;;;;;;;;Vesperilio murinus | Particoloured Bat;;;;;;;;;;;;;;;
;;;;;;Clangula hyemalis | Long-tailed Duck;;;;;;;;;;;;;;;;Miniopterus schrebersii | Shreiber's Bat;;;;;;;;;;;;;;;
;;;;;;Coccothraustes coccothraustes | Hawfinch;;;;;;;;;;;;;;;;Tadarida teniotis | European Free-tailed Bat;;;;;;;;;;;;;;;
;;;;;;Coccyzus americanus | Yellow-billed cuckoo;;;;;;;;;;;;;;;;;;;;;;;;;;;;;;;
;;;;;;Columba bollii | Bolle's pigeon;;;;;;;;;;;;;;;;;;;;;;;;;;;;;;;
;;;;;;Columba junoniae | Laurel pigeon;;;;;;;;;;;;;;;;;;;;;;;;;;;;;;;
;;;;;;Columba livia | Feral Pigeon;;;;;;;;;;;;;;;;;;;;;;;;;;;;;;;
;;;;;;Columba oenas | Stock Pigeon;;;;;;;;;;;;;;;;;;;;;;;;;;;;;;;
;;;;;;Columba palumbus | Woodpigeon;;;;;;;;;;;;;;;;;;;;;;;;;;;;;;;
;;;;;;Columba trocaz | Trocaz pigeon;;;;;;;;;;;;;;;;;;;;;;;;;;;;;;;
;;;;;;Coracias garrulus | European Roller;;;;;;;;;;;;;;;;;;;;;;;;;;;;;;;
;;;;;;Corvus corax | Raven;;;;;;;;;;;;;;;;;;;;;;;;;;;;;;;
;;;;;;Corvus corone | Hooded Crow;;;;;;;;;;;;;;;;;;;;;;;;;;;;;;;
;;;;;;Corvus frugilegus | Rook;;;;;;;;;;;;;;;;;;;;;;;;;;;;;;;
;;;;;;Corvus monedula | Jackdaw;;;;;;;;;;;;;;;;;;;;;;;;;;;;;;;
;;;;;;Coturnix coturnix | Quail;;;;;;;;;;;;;;;;;;;;;;;;;;;;;;;
;;;;;;Crex crex | Corncrake;;;;;;;;;;;;;;;;;;;;;;;;;;;;;;;
;;;;;;Cuculus canorus | Cuckoo;;;;;;;;;;;;;;;;;;;;;;;;;;;;;;;
;;;;;;Cuculus saturatus | Himalayan cuckoo ;;;;;;;;;;;;;;;;;;;;;;;;;;;;;;;
;;;;;;Cursorius cursor | Cream coloured Cursor;;;;;;;;;;;;;;;;;;;;;;;;;;;;;;;
;;;;;;Cyanopica cyana | Azure Magpie;;;;;;;;;;;;;;;;;;;;;;;;;;;;;;;
;;;;;;Cygnus bewickii | Tundra Swan;;;;;;;;;;;;;;;;;;;;;;;;;;;;;;;
;;;;;;Cygnus cygnus | Whooper Swan;;;;;;;;;;;;;;;;;;;;;;;;;;;;;;;
;;;;;;Cygnus olor | Mute Swan;;;;;;;;;;;;;;;;;;;;;;;;;;;;;;;
;;;;;;Delichon urbica | House Martin;;;;;;;;;;;;;;;;;;;;;;;;;;;;;;;
;;;;;;Dendrocopos leucotos | White-backed Woodpecker;;;;;;;;;;;;;;;;;;;;;;;;;;;;;;;
;;;;;;Dendrocopos major | Great Spotted Woodpecker;;;;;;;;;;;;;;;;;;;;;;;;;;;;;;;
;;;;;;Dendrocopos medius | Middle Spotted Woodpecker;;;;;;;;;;;;;;;;;;;;;;;;;;;;;;;
;;;;;;Dendrocopos minor | Lesser Spotted Woodpecker;;;;;;;;;;;;;;;;;;;;;;;;;;;;;;;
;;;;;;Dendrocopos syriacus | Syrian Woodpecker;;;;;;;;;;;;;;;;;;;;;;;;;;;;;;;
;;;;;;Dryocopus martius | Black Woodpecker;;;;;;;;;;;;;;;;;;;;;;;;;;;;;;;
;;;;;;Egretta alba | Great White Egret;;;;;;;;;;;;;;;;;;;;;;;;;;;;;;;
;;;;;;Egretta garzetta | Little Egret;;;;;;;;;;;;;;;;;;;;;;;;;;;;;;;
;;;;;;Egretta gularis | Western Reef Heron;;;;;;;;;;;;;;;;;;;;;;;;;;;;;;;
;;;;;;Elanus caeruleus | Black-winged Kite;;;;;;;;;;;;;;;;;;;;;;;;;;;;;;;
;;;;;;Emberiza aureola | Yellow breasted Bunting;;;;;;;;;;;;;;;;;;;;;;;;;;;;;;;
;;;;;;Emberiza bruniceps | Red-headed bunting;;;;;;;;;;;;;;;;;;;;;;;;;;;;;;;
;;;;;;Emberiza buchanani | Grey-necked bunting;;;;;;;;;;;;;;;;;;;;;;;;;;;;;;;
;;;;;;Emberiza caesia | Cretzschmar's Bunting;;;;;;;;;;;;;;;;;;;;;;;;;;;;;;;
;;;;;;Emberiza cia | Rock Bunting;;;;;;;;;;;;;;;;;;;;;;;;;;;;;;;
;;;;;;Emberiza cineracea | Cinereous bunting ;;;;;;;;;;;;;;;;;;;;;;;;;;;;;;;
;;;;;;Emberiza cirlus | Cirl Bunting;;;;;;;;;;;;;;;;;;;;;;;;;;;;;;;
;;;;;;Emberiza citrinella | Yellowhammer;;;;;;;;;;;;;;;;;;;;;;;;;;;;;;;
;;;;;;Emberiza hortulana | Ortolan Bunting;;;;;;;;;;;;;;;;;;;;;;;;;;;;;;;
;;;;;;Emberiza leucocephalos | Pine Bunting;;;;;;;;;;;;;;;;;;;;;;;;;;;;;;;
;;;;;;Emberiza melanocephala | Black-headed Bunting;;;;;;;;;;;;;;;;;;;;;;;;;;;;;;;
;;;;;;Emberiza pusilla | Little Bunting;;;;;;;;;;;;;;;;;;;;;;;;;;;;;;;
;;;;;;Emberiza rustica | Rustic Bunting;;;;;;;;;;;;;;;;;;;;;;;;;;;;;;;
;;;;;;Emberiza schoeniclus | Reed Bunting;;;;;;;;;;;;;;;;;;;;;;;;;;;;;;;
;;;;;;Eremophila alpestris | Shore Lark;;;;;;;;;;;;;;;;;;;;;;;;;;;;;;;
;;;;;;Erithacus rubecula | Robin;;;;;;;;;;;;;;;;;;;;;;;;;;;;;;;
;;;;;;Estrilda astrild | Common waxbill ;;;;;;;;;;;;;;;;;;;;;;;;;;;;;;;
;;;;;;Falco biarmicus | Lanner Falcon;;;;;;;;;;;;;;;;;;;;;;;;;;;;;;;
;;;;;;Falco cherrug | Saker Falcon;;;;;;;;;;;;;;;;;;;;;;;;;;;;;;;
;;;;;;Falco columbarius | Merlin ;;;;;;;;;;;;;;;;;;;;;;;;;;;;;;;
;;;;;;Falco eleonorae | Eleonora's Falcon;;;;;;;;;;;;;;;;;;;;;;;;;;;;;;;
;;;;;;Falco naumanni | Lesser Kestrel;;;;;;;;;;;;;;;;;;;;;;;;;;;;;;;
;;;;;;Falco pelegrinoides | Barbary Falcon;;;;;;;;;;;;;;;;;;;;;;;;;;;;;;;
;;;;;;Falco peregrinus | Peregrine;;;;;;;;;;;;;;;;;;;;;;;;;;;;;;;
;;;;;;Falco rusticolus | ;;;;;;;;;;;;;;;;;;;;;;;;;;;;;;;
;;;;;;Falco subbuteo | Hobby;;;;;;;;;;;;;;;;;;;;;;;;;;;;;;;
;;;;;;Falco tinnunculus | Common Kestrel;;;;;;;;;;;;;;;;;;;;;;;;;;;;;;;
;;;;;;Falco vespertinus | Red-footed Falcon;;;;;;;;;;;;;;;;;;;;;;;;;;;;;;;
;;;;;;Ficedula albicollis | Collared Flycatcher;;;;;;;;;;;;;;;;;;;;;;;;;;;;;;;
;;;;;;Ficedula hypoleuca | Pied Flycatcher;;;;;;;;;;;;;;;;;;;;;;;;;;;;;;;
;;;;;;Ficedula parva | Red-breasted Flycatcher;;;;;;;;;;;;;;;;;;;;;;;;;;;;;;;
;;;;;;Ficedula semitorquata | Semi-collared Flycatcher;;;;;;;;;;;;;;;;;;;;;;;;;;;;;;;
;;;;;;Francolinus francolinus | ;;;;;;;;;;;;;;;;;;;;;;;;;;;;;;;
;;;;;;Fratercula arctica | Atlantic Puffin;;;;;;;;;;;;;;;;;;;;;;;;;;;;;;;
;;;;;;Fringilla coelebs | Chaffinch;;;;;;;;;;;;;;;;;;;;;;;;;;;;;;;
;;;;;;Fringilla montifringilla | Brambling;;;;;;;;;;;;;;;;;;;;;;;;;;;;;;;
;;;;;;Fringilla teydea | ;;;;;;;;;;;;;;;;;;;;;;;;;;;;;;;
;;;;;;Fulica atra | Common Coot;;;;;;;;;;;;;;;;;;;;;;;;;;;;;;;
;;;;;;Fulica cristata | ;;;;;;;;;;;;;;;;;;;;;;;;;;;;;;;
;;;;;;Fulmarus glacialis | Fulmar;;;;;;;;;;;;;;;;;;;;;;;;;;;;;;;
;;;;;;Galerida cristata | Crested Lark;;;;;;;;;;;;;;;;;;;;;;;;;;;;;;;
;;;;;;Galerida malabarica | ;;;;;;;;;;;;;;;;;;;;;;;;;;;;;;;
;;;;;;Galerida theklae | Thekla Lark;;;;;;;;;;;;;;;;;;;;;;;;;;;;;;;
;;;;;;Gallinago gallinago | Common Snipe;;;;;;;;;;;;;;;;;;;;;;;;;;;;;;;
;;;;;;Gallinago media | Great Snipe;;;;;;;;;;;;;;;;;;;;;;;;;;;;;;;
;;;;;;Gallinago stenura | ;;;;;;;;;;;;;;;;;;;;;;;;;;;;;;;
;;;;;;Gallinula chloropus | Common Moorhen;;;;;;;;;;;;;;;;;;;;;;;;;;;;;;;
;;;;;;Garrulus glandarius | Jay;;;;;;;;;;;;;;;;;;;;;;;;;;;;;;;
;;;;;;Gavia adamsii | White-billed Diver;;;;;;;;;;;;;;;;;;;;;;;;;;;;;;;
;;;;;;Gavia arctica | Black-throated Diver;;;;;;;;;;;;;;;;;;;;;;;;;;;;;;;
;;;;;;Gavia immer | Great Northern Diver;;;;;;;;;;;;;;;;;;;;;;;;;;;;;;;
;;;;;;Gavia stellata | Red-throated Diver;;;;;;;;;;;;;;;;;;;;;;;;;;;;;;;
;;;;;;Gelochelidon nilotica | Gull-billed Tern;;;;;;;;;;;;;;;;;;;;;;;;;;;;;;;
;;;;;;Geronticus eremita | Bald Ibis;;;;;;;;;;;;;;;;;;;;;;;;;;;;;;;
;;;;;;Glareola nordmanni | Black-winged Pratincole;;;;;;;;;;;;;;;;;;;;;;;;;;;;;;;
;;;;;;Glareola pratincola | Collared Pratincole;;;;;;;;;;;;;;;;;;;;;;;;;;;;;;;
;;;;;;Glaucidium passerinum | Pygmy Owl;;;;;;;;;;;;;;;;;;;;;;;;;;;;;;;
;;;;;;Grus grus | Common Crane;;;;;;;;;;;;;;;;;;;;;;;;;;;;;;;
;;;;;;Gypaetus barbatus | Lammergeier;;;;;;;;;;;;;;;;;;;;;;;;;;;;;;;
;;;;;;Gyps fulvus | Griffon Vulture;;;;;;;;;;;;;;;;;;;;;;;;;;;;;;;
;;;;;;Haematopus moquini | ;;;;;;;;;;;;;;;;;;;;;;;;;;;;;;;
;;;;;;Haematopus ostralegus | Eurasian Oystercatcher;;;;;;;;;;;;;;;;;;;;;;;;;;;;;;;
;;;;;;Halcyon smyrnensis | White-breasted kingfisher;;;;;;;;;;;;;;;;;;;;;;;;;;;;;;;
;;;;;;Haliaeetus albicilla | White-tailed Eagle;;;;;;;;;;;;;;;;;;;;;;;;;;;;;;;
;;;;;;Hieraaetus fasciatus | Bonelli’s Eagle;;;;;;;;;;;;;;;;;;;;;;;;;;;;;;;
;;;;;;Hieraaetus pennatus | Booted Eagle;;;;;;;;;;;;;;;;;;;;;;;;;;;;;;;
;;;;;;Himantopus himantopus | Black-winged Stilt;;;;;;;;;;;;;;;;;;;;;;;;;;;;;;;
;;;;;;Iduna caligata | Booted warbler;;;;;;;;;;;;;;;;;;;;;;;;;;;;;;;
;;;;;;Hippolais icterina | Icterine Warbler;;;;;;;;;;;;;;;;;;;;;;;;;;;;;;;
;;;;;;Hippolais languida | Upcher's Warbler ;;;;;;;;;;;;;;;;;;;;;;;;;;;;;;;
;;;;;;Hippolais olivetorum | Olive-tree Warbler;;;;;;;;;;;;;;;;;;;;;;;;;;;;;;;
;;;;;;Hippolais pallida | Olivaceous Warbler;;;;;;;;;;;;;;;;;;;;;;;;;;;;;;;
;;;;;;Hippolais polyglotta | Melodious Warbler;;;;;;;;;;;;;;;;;;;;;;;;;;;;;;;
;;;;;;Hirundo daurica | Red-rumped Swallow;;;;;;;;;;;;;;;;;;;;;;;;;;;;;;;
;;;;;;Hirundo rustica | Swallow;;;;;;;;;;;;;;;;;;;;;;;;;;;;;;;
;;;;;;Histrionicus histrionicus | ;;;;;;;;;;;;;;;;;;;;;;;;;;;;;;;
;;;;;;Hoplopterus indicus | ;;;;;;;;;;;;;;;;;;;;;;;;;;;;;;;
;;;;;;Hoplopterus spinosus | Spur-winged Lapwing;;;;;;;;;;;;;;;;;;;;;;;;;;;;;;;
;;;;;;Hydrobates pelagicus | European Storm Petrel;;;;;;;;;;;;;;;;;;;;;;;;;;;;;;;
;;;;;;Irania gutturalis | ;;;;;;;;;;;;;;;;;;;;;;;;;;;;;;;
;;;;;;Ixobrychus minutus | Little Bittern;;;;;;;;;;;;;;;;;;;;;;;;;;;;;;;
;;;;;;Jynx torquilla | Wryneck;;;;;;;;;;;;;;;;;;;;;;;;;;;;;;;
;;;;;;Ketupa zeylonensis | ;;;;;;;;;;;;;;;;;;;;;;;;;;;;;;;
;;;;;;Lagopus lagopus | ;;;;;;;;;;;;;;;;;;;;;;;;;;;;;;;
;;;;;;Lagopus mutus | ;;;;;;;;;;;;;;;;;;;;;;;;;;;;;;;
;;;;;;Lanius collurio | Red-backed Shrike;;;;;;;;;;;;;;;;;;;;;;;;;;;;;;;
;;;;;;Lanius excubitor | Great Grey Shrike;;;;;;;;;;;;;;;;;;;;;;;;;;;;;;;
;;;;;;Lanius minor | Lesser Grey Shrike;;;;;;;;;;;;;;;;;;;;;;;;;;;;;;;
;;;;;;Lanius nubicus | Masked Shrike;;;;;;;;;;;;;;;;;;;;;;;;;;;;;;;
;;;;;;Lanius senator | Woodchat Shrike;;;;;;;;;;;;;;;;;;;;;;;;;;;;;;;
;;;;;;Larus argentatus | European Herring Gull;;;;;;;;;;;;;;;;;;;;;;;;;;;;;;;
;;;;;;Larus armenicus | Armenian Gull ;;;;;;;;;;;;;;;;;;;;;;;;;;;;;;;
;;;;;;Larus audouinii | Audouin's Gull ;;;;;;;;;;;;;;;;;;;;;;;;;;;;;;;
;;;;;;Larus michahellis | Yellow-legged Gull;;;;;;;;;;;;;;;;;;;;;;;;;;;;;;;
;;;;;;Larus canus | Common Gull ;;;;;;;;;;;;;;;;;;;;;;;;;;;;;;;
;;;;;;Larus delawarensis | Ring-billed Gull;;;;;;;;;;;;;;;;;;;;;;;;;;;;;;;
;;;;;;Larus fuscus | Lesser Black-backed Gull ;;;;;;;;;;;;;;;;;;;;;;;;;;;;;;;
;;;;;;Larus genei | Slender-billed Gull;;;;;;;;;;;;;;;;;;;;;;;;;;;;;;;
;;;;;;Larus glaucoides | Iceland Gull;;;;;;;;;;;;;;;;;;;;;;;;;;;;;;;
;;;;;;Larus hyperboreus | Glaucous Gull ;;;;;;;;;;;;;;;;;;;;;;;;;;;;;;;
;;;;;;Larus ichthyaetus | Great Black-headed Gull;;;;;;;;;;;;;;;;;;;;;;;;;;;;;;;
;;;;;;Larus marinus | Great Black-backed Gull ;;;;;;;;;;;;;;;;;;;;;;;;;;;;;;;
;;;;;;Larus melanocephalus | Mediterranean Gull;;;;;;;;;;;;;;;;;;;;;;;;;;;;;;;
;;;;;;Larus minutus | Little Gull;;;;;;;;;;;;;;;;;;;;;;;;;;;;;;;
;;;;;;Larus relictus | Relict Gull;;;;;;;;;;;;;;;;;;;;;;;;;;;;;;;
;;;;;;Larus ridibundus | Black-headed Gull;;;;;;;;;;;;;;;;;;;;;;;;;;;;;;;
;;;;;;Larus sabini | Sabine's Gull;;;;;;;;;;;;;;;;;;;;;;;;;;;;;;;
;;;;;;Limicola falcinellus | Broad-billed Sandpiper;;;;;;;;;;;;;;;;;;;;;;;;;;;;;;;
;;;;;;Limnodromus scolopaceus | ;;;;;;;;;;;;;;;;;;;;;;;;;;;;;;;
;;;;;;Limosa lapponica | Bar-tailed Godwit;;;;;;;;;;;;;;;;;;;;;;;;;;;;;;;
;;;;;;Limosa limosa | Black-tailed Godwit;;;;;;;;;;;;;;;;;;;;;;;;;;;;;;;
;;;;;;Locustella fluviatilis | River Warbler;;;;;;;;;;;;;;;;;;;;;;;;;;;;;;;
;;;;;;Locustella lanceolata | ;;;;;;;;;;;;;;;;;;;;;;;;;;;;;;;
;;;;;;Locustella luscinioides | Savi's Warbler;;;;;;;;;;;;;;;;;;;;;;;;;;;;;;;
;;;;;;Locustella naevia | Common Grasshopper Warbler;;;;;;;;;;;;;;;;;;;;;;;;;;;;;;;
;;;;;;Loxia curvirostra | Crossbill;;;;;;;;;;;;;;;;;;;;;;;;;;;;;;;
;;;;;;Loxia leucoptera | Two-barred Crossbill;;;;;;;;;;;;;;;;;;;;;;;;;;;;;;;
;;;;;;Loxia pytyopsittacus | Parrot Crossbill;;;;;;;;;;;;;;;;;;;;;;;;;;;;;;;
;;;;;;Loxia scotica | ;;;;;;;;;;;;;;;;;;;;;;;;;;;;;;;
;;;;;;Lullula arborea | Woodlark;;;;;;;;;;;;;;;;;;;;;;;;;;;;;;;
;;;;;;Luscinia calliope | ;;;;;;;;;;;;;;;;;;;;;;;;;;;;;;;
;;;;;;Luscinia luscinia | Thrush Nightingale;;;;;;;;;;;;;;;;;;;;;;;;;;;;;;;
;;;;;;Luscinia megarhynchos | Nightingale;;;;;;;;;;;;;;;;;;;;;;;;;;;;;;;
;;;;;;Luscinia svecica | Bluethroat;;;;;;;;;;;;;;;;;;;;;;;;;;;;;;;
;;;;;;Lymnocryptes minimus | Jack Snipe;;;;;;;;;;;;;;;;;;;;;;;;;;;;;;;
;;;;;;Marmaronetta angustirostris | Marbled Duck;;;;;;;;;;;;;;;;;;;;;;;;;;;;;;;
;;;;;;Melanitta fusca | Velvet Scoter;;;;;;;;;;;;;;;;;;;;;;;;;;;;;;;
;;;;;;Melanitta nigra | Common Scoter;;;;;;;;;;;;;;;;;;;;;;;;;;;;;;;
;;;;;;Melanocorypha bimaculata | ;;;;;;;;;;;;;;;;;;;;;;;;;;;;;;;
;;;;;;Melanocorypha calandra | Calandra Lark;;;;;;;;;;;;;;;;;;;;;;;;;;;;;;;
;;;;;;Melanocorypha leucoptera | White-winged Lark;;;;;;;;;;;;;;;;;;;;;;;;;;;;;;;
;;;;;;Melanocorypha yeltoniensis | Black Lark;;;;;;;;;;;;;;;;;;;;;;;;;;;;;;;
;;;;;;Meleagris gallopavo | ;;;;;;;;;;;;;;;;;;;;;;;;;;;;;;;
;;;;;;Mergus albellus | Smew ;;;;;;;;;;;;;;;;;;;;;;;;;;;;;;;
;;;;;;Mergus cucullatus | ;;;;;;;;;;;;;;;;;;;;;;;;;;;;;;;
;;;;;;Mergus merganser | Common Merganser;;;;;;;;;;;;;;;;;;;;;;;;;;;;;;;
;;;;;;Mergus serrator | Red-breasted Merganser;;;;;;;;;;;;;;;;;;;;;;;;;;;;;;;
;;;;;;Merops apiaster | Bee-eater;;;;;;;;;;;;;;;;;;;;;;;;;;;;;;;
;;;;;;Merops superciliosus | ;;;;;;;;;;;;;;;;;;;;;;;;;;;;;;;
;;;;;;Miliaria calandra | Corn Bunting;;;;;;;;;;;;;;;;;;;;;;;;;;;;;;;
;;;;;;Milvus migrans | Black Kite;;;;;;;;;;;;;;;;;;;;;;;;;;;;;;;
;;;;;;Milvus milvus | Red Kite;;;;;;;;;;;;;;;;;;;;;;;;;;;;;;;
;;;;;;Monticola saxatilis | Rock Thrush;;;;;;;;;;;;;;;;;;;;;;;;;;;;;;;
;;;;;;Monticola solitarius | Blue Rock Thrush;;;;;;;;;;;;;;;;;;;;;;;;;;;;;;;
;;;;;;Montifringilla nivalis | White-winged Snowfi nch;;;;;;;;;;;;;;;;;;;;;;;;;;;;;;;
;;;;;;Morus bassanus | Northern Gannet;;;;;;;;;;;;;;;;;;;;;;;;;;;;;;;
;;;;;;Motacilla alba | Pied Wagtail;;;;;;;;;;;;;;;;;;;;;;;;;;;;;;;
;;;;;;Motacilla cinerea | Grey Wagtail;;;;;;;;;;;;;;;;;;;;;;;;;;;;;;;
;;;;;;Motacilla citreola | Citrine Wagtail;;;;;;;;;;;;;;;;;;;;;;;;;;;;;;;
;;;;;;Motacilla finere | ;;;;;;;;;;;;;;;;;;;;;;;;;;;;;;;
;;;;;;Motacilla flava | Yellow Wagtail;;;;;;;;;;;;;;;;;;;;;;;;;;;;;;;
;;;;;;Muscicapa daurrica | ;;;;;;;;;;;;;;;;;;;;;;;;;;;;;;;
;;;;;;Muscicapa striata | Spotted Flycatcher;;;;;;;;;;;;;;;;;;;;;;;;;;;;;;;
;;;;;;Myiopsitta monachus | ;;;;;;;;;;;;;;;;;;;;;;;;;;;;;;;
;;;;;;Neophron percnopterus | Egyptian Vulture;;;;;;;;;;;;;;;;;;;;;;;;;;;;;;;
;;;;;;Netta rufina | Red-crested Pochard;;;;;;;;;;;;;;;;;;;;;;;;;;;;;;;
;;;;;;Nucifraga caryocatactes | Nutcracker;;;;;;;;;;;;;;;;;;;;;;;;;;;;;;;
;;;;;;Numenius arquata | Eurasian Curlew;;;;;;;;;;;;;;;;;;;;;;;;;;;;;;;
;;;;;;Numenius phaeopus | Whimbrel;;;;;;;;;;;;;;;;;;;;;;;;;;;;;;;
;;;;;;Numenius tenuirostris | ;;;;;;;;;;;;;;;;;;;;;;;;;;;;;;;
;;;;;;Nyctea scandiaca | ;;;;;;;;;;;;;;;;;;;;;;;;;;;;;;;
;;;;;;Nycticorax nycticorax | Night Heron;;;;;;;;;;;;;;;;;;;;;;;;;;;;;;;
;;;;;;Oceanodroma castro | ;;;;;;;;;;;;;;;;;;;;;;;;;;;;;;;
;;;;;;Oceanodroma leucorhoa | ;;;;;;;;;;;;;;;;;;;;;;;;;;;;;;;
;;;;;;Oenanthe cypriaca | ;;;;;;;;;;;;;;;;;;;;;;;;;;;;;;;
;;;;;;Oenanthe deserti | ;;;;;;;;;;;;;;;;;;;;;;;;;;;;;;;
;;;;;;Oenanthe finschii | ;;;;;;;;;;;;;;;;;;;;;;;;;;;;;;;
;;;;;;Oenanthe hispanica | Black-eared Wheatear;;;;;;;;;;;;;;;;;;;;;;;;;;;;;;;
;;;;;;Oenanthe isabellina | Isabelline Wheatear;;;;;;;;;;;;;;;;;;;;;;;;;;;;;;;
;;;;;;Oenanthe leucopyga | ;;;;;;;;;;;;;;;;;;;;;;;;;;;;;;;
;;;;;;Oenanthe leucura | ;;;;;;;;;;;;;;;;;;;;;;;;;;;;;;;
;;;;;;Oenanthe oenanthe | Wheatear;;;;;;;;;;;;;;;;;;;;;;;;;;;;;;;
;;;;;;Oenanthe pleschanka | Pied Wheatear;;;;;;;;;;;;;;;;;;;;;;;;;;;;;;;
;;;;;;Oenanthe xanthoprymna | ;;;;;;;;;;;;;;;;;;;;;;;;;;;;;;;
;;;;;;Oriolus oriolus | Golden Oriole;;;;;;;;;;;;;;;;;;;;;;;;;;;;;;;
;;;;;;Otis tarda | Great Bustard;;;;;;;;;;;;;;;;;;;;;;;;;;;;;;;
;;;;;;Otus brucei | ;;;;;;;;;;;;;;;;;;;;;;;;;;;;;;;
;;;;;;Otus scops | Scops Owl;;;;;;;;;;;;;;;;;;;;;;;;;;;;;;;
;;;;;;Oxyura jamaicensis | ;;;;;;;;;;;;;;;;;;;;;;;;;;;;;;;
;;;;;;Oxyura leucocephala | White-headed Duck;;;;;;;;;;;;;;;;;;;;;;;;;;;;;;;
;;;;;;Pagophila eburnea | ;;;;;;;;;;;;;;;;;;;;;;;;;;;;;;;
;;;;;;Pandion haliaetus | Osprey;;;;;;;;;;;;;;;;;;;;;;;;;;;;;;;
;;;;;;Panurus biarmicus | Bearded Reedling;;;;;;;;;;;;;;;;;;;;;;;;;;;;;;;
;;;;;;Parus ater | Coal Tit;;;;;;;;;;;;;;;;;;;;;;;;;;;;;;;
;;;;;;Parus caeruleus | Blue Tit;;;;;;;;;;;;;;;;;;;;;;;;;;;;;;;
;;;;;;Parus cinctus | ;;;;;;;;;;;;;;;;;;;;;;;;;;;;;;;
;;;;;;Parus cristatus | Crested Tit;;;;;;;;;;;;;;;;;;;;;;;;;;;;;;;
;;;;;;Parus cyanus | ;;;;;;;;;;;;;;;;;;;;;;;;;;;;;;;
;;;;;;Parus lugubris | Sombre Tit;;;;;;;;;;;;;;;;;;;;;;;;;;;;;;;
;;;;;;Parus major | Great Tit;;;;;;;;;;;;;;;;;;;;;;;;;;;;;;;
;;;;;;Parus montanus | Willow Tit;;;;;;;;;;;;;;;;;;;;;;;;;;;;;;;
;;;;;;Parus palustris | Marsh Tit;;;;;;;;;;;;;;;;;;;;;;;;;;;;;;;
;;;;;;Passer domesticus | House Sparrow;;;;;;;;;;;;;;;;;;;;;;;;;;;;;;;
;;;;;;Passer hispaniolensis | Spanish Sparrow;;;;;;;;;;;;;;;;;;;;;;;;;;;;;;;
;;;;;;Passer moabiticus | ;;;;;;;;;;;;;;;;;;;;;;;;;;;;;;;
;;;;;;Passer montanus | Tree Sparrow;;;;;;;;;;;;;;;;;;;;;;;;;;;;;;;
;;;;;;Pelagodroma marina | ;;;;;;;;;;;;;;;;;;;;;;;;;;;;;;;
;;;;;;Pelecanus crispus | Dalmatian Pelican;;;;;;;;;;;;;;;;;;;;;;;;;;;;;;;
;;;;;;Pelecanus onocrotalus | White Pelican;;;;;;;;;;;;;;;;;;;;;;;;;;;;;;;
;;;;;;Perdix hodgsoniae | ;;;;;;;;;;;;;;;;;;;;;;;;;;;;;;;
;;;;;;Perdix perdix | Partridge;;;;;;;;;;;;;;;;;;;;;;;;;;;;;;;
;;;;;;Perisoreus infaustus | ;;;;;;;;;;;;;;;;;;;;;;;;;;;;;;;
;;;;;;Pernis apivorus | Honey Buzzard;;;;;;;;;;;;;;;;;;;;;;;;;;;;;;;
;;;;;;Petronia petronia | Rock Sparrow;;;;;;;;;;;;;;;;;;;;;;;;;;;;;;;
;;;;;;Petronia xanthocollis | ;;;;;;;;;;;;;;;;;;;;;;;;;;;;;;;
;;;;;;Phalacrocorax aristotelis | European Shag;;;;;;;;;;;;;;;;;;;;;;;;;;;;;;;
;;;;;;Phalacrocorax carbo | Great Cormorant;;;;;;;;;;;;;;;;;;;;;;;;;;;;;;;
;;;;;;Phalacrocorax pygmaeus | Pygmy Cormorant;;;;;;;;;;;;;;;;;;;;;;;;;;;;;;;
;;;;;;Phalaropus fulicarius | Red Phalarope;;;;;;;;;;;;;;;;;;;;;;;;;;;;;;;
;;;;;;Phalaropus lobatus | Red-necked Phalarope;;;;;;;;;;;;;;;;;;;;;;;;;;;;;;;
;;;;;;Phalaropus tricolor | ;;;;;;;;;;;;;;;;;;;;;;;;;;;;;;;
;;;;;;Phasianus colchicus | Pheasant;;;;;;;;;;;;;;;;;;;;;;;;;;;;;;;
;;;;;;Philomachus pugnax | Ruff;;;;;;;;;;;;;;;;;;;;;;;;;;;;;;;
;;;;;;Phoenicopterus ruber | Greater Flamingo;;;;;;;;;;;;;;;;;;;;;;;;;;;;;;;
;;;;;;Phoenicurus erythrogaster | ;;;;;;;;;;;;;;;;;;;;;;;;;;;;;;;
;;;;;;Phoenicurus ochruros | Black Redstart;;;;;;;;;;;;;;;;;;;;;;;;;;;;;;;
;;;;;;Phoenicurus phoenicurus | Redstart;;;;;;;;;;;;;;;;;;;;;;;;;;;;;;;
;;;;;;Phoenicurus torquata | ;;;;;;;;;;;;;;;;;;;;;;;;;;;;;;;
;;;;;;Phylloscopus orientalis | Eastern Bonelli’s Warbler;;;;;;;;;;;;;;;;;;;;;;;;;;;;;;;
;;;;;;Phylloscopus borealis | Arctic Warbler;;;;;;;;;;;;;;;;;;;;;;;;;;;;;;;
;;;;;;Phylloscopus collybita | Chiffchaff;;;;;;;;;;;;;;;;;;;;;;;;;;;;;;;
;;;;;;Phylloscopus inornatus | Yellow-browed Warbler;;;;;;;;;;;;;;;;;;;;;;;;;;;;;;;
;;;;;;Phylloscopus lorenzii | ;;;;;;;;;;;;;;;;;;;;;;;;;;;;;;;
;;;;;;Phylloscopus neglectus | ;;;;;;;;;;;;;;;;;;;;;;;;;;;;;;;
;;;;;;Phylloscopus nitidus | ;;;;;;;;;;;;;;;;;;;;;;;;;;;;;;;
;;;;;;Phylloscopus proregulus | Pallas’s Leaf Warbler;;;;;;;;;;;;;;;;;;;;;;;;;;;;;;;
;;;;;;Phylloscopus sibilatrix | Wood Warbler;;;;;;;;;;;;;;;;;;;;;;;;;;;;;;;
;;;;;;Phylloscopus sindianus | ;;;;;;;;;;;;;;;;;;;;;;;;;;;;;;;
;;;;;;Phylloscopus spp. | Unidentified phylloscopus;;;;;;;;;;;;;;;;;;;;;;;;;;;;;;;
;;;;;;Phylloscopus trochiloides | Greenish Warbler;;;;;;;;;;;;;;;;;;;;;;;;;;;;;;;
;;;;;;Phylloscopus trochilus | Willow warbler;;;;;;;;;;;;;;;;;;;;;;;;;;;;;;;
;;;;;;Pica pica | Magpie;;;;;;;;;;;;;;;;;;;;;;;;;;;;;;;
;;;;;;Picoides tridactylus | Three-toed Woodpecker;;;;;;;;;;;;;;;;;;;;;;;;;;;;;;;
;;;;;;Picus canus | Grey-headed Woodpecker;;;;;;;;;;;;;;;;;;;;;;;;;;;;;;;
;;;;;;Picus viridis | Green Woodpecker;;;;;;;;;;;;;;;;;;;;;;;;;;;;;;;
;;;;;;Pinicola enucleator | ;;;;;;;;;;;;;;;;;;;;;;;;;;;;;;;
;;;;;;Platalea leucorodia | Spoonbill;;;;;;;;;;;;;;;;;;;;;;;;;;;;;;;
;;;;;;Plectrophenax nivalis | Snow Bunting;;;;;;;;;;;;;;;;;;;;;;;;;;;;;;;
;;;;;;Plegadis falcinellus | Glossy Ibis ;;;;;;;;;;;;;;;;;;;;;;;;;;;;;;;
;;;;;;Pluvialis apricaria | European Golden Plover;;;;;;;;;;;;;;;;;;;;;;;;;;;;;;;
;;;;;;Pluvialis squatarola | Grey Plover;;;;;;;;;;;;;;;;;;;;;;;;;;;;;;;
;;;;;;Podiceps auritus | Horned Grebe;;;;;;;;;;;;;;;;;;;;;;;;;;;;;;;
;;;;;;Podiceps cristatus | Great Crested Grebe;;;;;;;;;;;;;;;;;;;;;;;;;;;;;;;
;;;;;;Podiceps grisegena | Red-necked Grebe;;;;;;;;;;;;;;;;;;;;;;;;;;;;;;;
;;;;;;Podiceps nigricollis | Black-necked Grebe;;;;;;;;;;;;;;;;;;;;;;;;;;;;;;;
;;;;;;Polysticta stelleri | ;;;;;;;;;;;;;;;;;;;;;;;;;;;;;;;
;;;;;;Porphyrio porphyrio | ;;;;;;;;;;;;;;;;;;;;;;;;;;;;;;;
;;;;;;Porzana parva | Little Crake;;;;;;;;;;;;;;;;;;;;;;;;;;;;;;;
;;;;;;Porzana porzana | Spotted Crake;;;;;;;;;;;;;;;;;;;;;;;;;;;;;;;
;;;;;;Porzana pusilla | Baillon’s Crake;;;;;;;;;;;;;;;;;;;;;;;;;;;;;;;
;;;;;;Porzana spp. | Unidentified Crake;;;;;;;;;;;;;;;;;;;;;;;;;;;;;;;
;;;;;;Prinia gracilis | ;;;;;;;;;;;;;;;;;;;;;;;;;;;;;;;
;;;;;;Prunella atrogularis | ;;;;;;;;;;;;;;;;;;;;;;;;;;;;;;;
;;;;;;Prunella collaris | Alpine Accentor;;;;;;;;;;;;;;;;;;;;;;;;;;;;;;;
;;;;;;Prunella modularis | Dunnock;;;;;;;;;;;;;;;;;;;;;;;;;;;;;;;
;;;;;;Prunella montanella | ;;;;;;;;;;;;;;;;;;;;;;;;;;;;;;;
;;;;;;Prunella ocularis | ;;;;;;;;;;;;;;;;;;;;;;;;;;;;;;;
;;;;;;Pterocles alchata | ;;;;;;;;;;;;;;;;;;;;;;;;;;;;;;;
;;;;;;Pterocles orientalis | ;;;;;;;;;;;;;;;;;;;;;;;;;;;;;;;
;;;;;;Pterodroma feae | ;;;;;;;;;;;;;;;;;;;;;;;;;;;;;;;
;;;;;;Pterodroma madeira | ;;;;;;;;;;;;;;;;;;;;;;;;;;;;;;;
;;;;;;Pterodroma mollis | ;;;;;;;;;;;;;;;;;;;;;;;;;;;;;;;
;;;;;;Ptyonoprogne rupestris | Crag Martin;;;;;;;;;;;;;;;;;;;;;;;;;;;;;;;
;;;;;;Puffinus assimilis | ;;;;;;;;;;;;;;;;;;;;;;;;;;;;;;;
;;;;;;Puffinus gravis | ;;;;;;;;;;;;;;;;;;;;;;;;;;;;;;;
;;;;;;Puffinus griseus | ;;;;;;;;;;;;;;;;;;;;;;;;;;;;;;;
;;;;;;Puffinus mauretanicus | ;;;;;;;;;;;;;;;;;;;;;;;;;;;;;;;
;;;;;;Puffinus puffinus | ;;;;;;;;;;;;;;;;;;;;;;;;;;;;;;;
;;;;;;Puffinus yelkouan | Yelkouan Shearwater;;;;;;;;;;;;;;;;;;;;;;;;;;;;;;;
;;;;;;Pycnonotus barbatus | ;;;;;;;;;;;;;;;;;;;;;;;;;;;;;;;
;;;;;;Pycnonotus xanthopygos | ;;;;;;;;;;;;;;;;;;;;;;;;;;;;;;;
;;;;;;Pyrrhocorax graculus | Yellow-billed Chough;;;;;;;;;;;;;;;;;;;;;;;;;;;;;;;
;;;;;;Pyrrhocorax pyrrhocorax | Alpine Chough;;;;;;;;;;;;;;;;;;;;;;;;;;;;;;;
;;;;;;Pyrrhula murina | ;;;;;;;;;;;;;;;;;;;;;;;;;;;;;;;
;;;;;;Pyrrhula pyrrhula | Bullfinch;;;;;;;;;;;;;;;;;;;;;;;;;;;;;;;
;;;;;;Rallus aquaticus | Water Rail;;;;;;;;;;;;;;;;;;;;;;;;;;;;;;;
;;;;;;Recurvirostra avosetta | Avocet;;;;;;;;;;;;;;;;;;;;;;;;;;;;;;;
;;;;;;Regulus ignicapillus | Firecrest;;;;;;;;;;;;;;;;;;;;;;;;;;;;;;;
;;;;;;Regulus regulus | Goldcrest;;;;;;;;;;;;;;;;;;;;;;;;;;;;;;;
;;;;;;Regulus teneriffae | ;;;;;;;;;;;;;;;;;;;;;;;;;;;;;;;
;;;;;;Remiz pendulinus | Penduline Tit;;;;;;;;;;;;;;;;;;;;;;;;;;;;;;;
;;;;;;Rhodopechys sanguinea | ;;;;;;;;;;;;;;;;;;;;;;;;;;;;;;;
;;;;;;Rhodospiza obsoleta | ;;;;;;;;;;;;;;;;;;;;;;;;;;;;;;;
;;;;;;Rhodostethia rosea | ;;;;;;;;;;;;;;;;;;;;;;;;;;;;;;;
;;;;;;Riparia riparia | Sand Martin;;;;;;;;;;;;;;;;;;;;;;;;;;;;;;;
;;;;;;Rissa tridactyla | Kittiwake;;;;;;;;;;;;;;;;;;;;;;;;;;;;;;;
;;;;;;Saxicola dacotiae | ;;;;;;;;;;;;;;;;;;;;;;;;;;;;;;;
;;;;;;Saxicola maurus | Siberian Stonechat;;;;;;;;;;;;;;;;;;;;;;;;;;;;;;;
;;;;;;Saxicola rubetra | Whinchat;;;;;;;;;;;;;;;;;;;;;;;;;;;;;;;
;;;;;;Saxicola torquata | Stonechat;;;;;;;;;;;;;;;;;;;;;;;;;;;;;;;
;;;;;;Scolopax rusticola | Woodcock;;;;;;;;;;;;;;;;;;;;;;;;;;;;;;;
;;;;;;Serinus canaria | ;;;;;;;;;;;;;;;;;;;;;;;;;;;;;;;
;;;;;;Serinus citrinella | ;;;;;;;;;;;;;;;;;;;;;;;;;;;;;;;
;;;;;;Serinus pusillus | ;;;;;;;;;;;;;;;;;;;;;;;;;;;;;;;
;;;;;;Serinus serinus | Serin;;;;;;;;;;;;;;;;;;;;;;;;;;;;;;;
;;;;;;Sitta europaea | Wood Nuthatch;;;;;;;;;;;;;;;;;;;;;;;;;;;;;;;
;;;;;;Sitta krueperi | ;;;;;;;;;;;;;;;;;;;;;;;;;;;;;;;
;;;;;;Sitta neumayer | Rock Nuthatch;;;;;;;;;;;;;;;;;;;;;;;;;;;;;;;
;;;;;;Sitta tephronota | ;;;;;;;;;;;;;;;;;;;;;;;;;;;;;;;
;;;;;;Sitta whiteheadi | ;;;;;;;;;;;;;;;;;;;;;;;;;;;;;;;
;;;;;;Somateria mollissima | Common Eider;;;;;;;;;;;;;;;;;;;;;;;;;;;;;;;
;;;;;;Somateria spectabilis | ;;;;;;;;;;;;;;;;;;;;;;;;;;;;;;;
;;;;;;Stercorarius longicaudus | Long-tailed Jaeger;;;;;;;;;;;;;;;;;;;;;;;;;;;;;;;
;;;;;;Stercorarius parasiticus | Parasitic Jaeger;;;;;;;;;;;;;;;;;;;;;;;;;;;;;;;
;;;;;;Stercorarius pomarinus | Pomarine Skua;;;;;;;;;;;;;;;;;;;;;;;;;;;;;;;
;;;;;;Stercorarius skua | Great Skua;;;;;;;;;;;;;;;;;;;;;;;;;;;;;;;
;;;;;;Sterna albifrons | Little Tern;;;;;;;;;;;;;;;;;;;;;;;;;;;;;;;
;;;;;;Sterna bengalensis | ;;;;;;;;;;;;;;;;;;;;;;;;;;;;;;;
;;;;;;Sterna caspia | Caspian Tern;;;;;;;;;;;;;;;;;;;;;;;;;;;;;;;
;;;;;;Sterna dougallii | Roseate Tern;;;;;;;;;;;;;;;;;;;;;;;;;;;;;;;
;;;;;;Sterna fuscata | ;;;;;;;;;;;;;;;;;;;;;;;;;;;;;;;
;;;;;;Sterna hirundo | Common Tern;;;;;;;;;;;;;;;;;;;;;;;;;;;;;;;
;;;;;;Sterna paradisaea | ;;;;;;;;;;;;;;;;;;;;;;;;;;;;;;;
;;;;;;Sterna sandvicensis | Sandwich Tern;;;;;;;;;;;;;;;;;;;;;;;;;;;;;;;
;;;;;;Streptopelia decaocto | Eurasian Collared-dove;;;;;;;;;;;;;;;;;;;;;;;;;;;;;;;
;;;;;;Streptopelia orientalis | ;;;;;;;;;;;;;;;;;;;;;;;;;;;;;;;
;;;;;;Streptopelia roseogrisea | ;;;;;;;;;;;;;;;;;;;;;;;;;;;;;;;
;;;;;;Streptopelia senegalensis | ;;;;;;;;;;;;;;;;;;;;;;;;;;;;;;;
;;;;;;Streptopelia turtur | European Turtle-dove;;;;;;;;;;;;;;;;;;;;;;;;;;;;;;;
;;;;;;Strix aluco | Tawny Owl;;;;;;;;;;;;;;;;;;;;;;;;;;;;;;;
;;;;;;Strix nebulosa | ;;;;;;;;;;;;;;;;;;;;;;;;;;;;;;;
;;;;;;Strix uralensis | Ural Owl;;;;;;;;;;;;;;;;;;;;;;;;;;;;;;;
;;;;;;Sturnus roseus | Rose-coloured Starling;;;;;;;;;;;;;;;;;;;;;;;;;;;;;;;
;;;;;;Sturnus unicolor | ;;;;;;;;;;;;;;;;;;;;;;;;;;;;;;;
;;;;;;Sturnus vulgaris | Starling;;;;;;;;;;;;;;;;;;;;;;;;;;;;;;;
;;;;;;Surnia ulula | ;;;;;;;;;;;;;;;;;;;;;;;;;;;;;;;
;;;;;;Sylvia atricapilla | Blackcap;;;;;;;;;;;;;;;;;;;;;;;;;;;;;;;
;;;;;;Sylvia borin | Garden Warbler;;;;;;;;;;;;;;;;;;;;;;;;;;;;;;;
;;;;;;Sylvia cantillans | Subalpine Warbler;;;;;;;;;;;;;;;;;;;;;;;;;;;;;;;
;;;;;;Sylvia communis | Whitethroat;;;;;;;;;;;;;;;;;;;;;;;;;;;;;;;
;;;;;;Sylvia conspicillata | ;;;;;;;;;;;;;;;;;;;;;;;;;;;;;;;
;;;;;;Sylvia curruca | Lesser Whitethroat;;;;;;;;;;;;;;;;;;;;;;;;;;;;;;;
;;;;;;Sylvia hortensis | Orphean Warbler;;;;;;;;;;;;;;;;;;;;;;;;;;;;;;;
;;;;;;Sylvia melanocephala | Sardinian Warbler;;;;;;;;;;;;;;;;;;;;;;;;;;;;;;;
;;;;;;Sylvia melanothorax | ;;;;;;;;;;;;;;;;;;;;;;;;;;;;;;;
;;;;;;Sylvia mystacea | ;;;;;;;;;;;;;;;;;;;;;;;;;;;;;;;
;;;;;;Sylvia nana | Asian Desert Warbler;;;;;;;;;;;;;;;;;;;;;;;;;;;;;;;
;;;;;;Sylvia nisoria | Barred Warbler;;;;;;;;;;;;;;;;;;;;;;;;;;;;;;;
;;;;;;Sylvia rueppelli | R?ppell’s Warbler;;;;;;;;;;;;;;;;;;;;;;;;;;;;;;;
;;;;;;Sylvia sarda | ;;;;;;;;;;;;;;;;;;;;;;;;;;;;;;;
;;;;;;Sylvia undata | ;;;;;;;;;;;;;;;;;;;;;;;;;;;;;;;
;;;;;;Syrmaticus reevesii | Reeves’s Pheasant;;;;;;;;;;;;;;;;;;;;;;;;;;;;;;;
;;;;;;Syrrhaptes paradoxus | ;;;;;;;;;;;;;;;;;;;;;;;;;;;;;;;
;;;;;;Tachybaptus ruficollis | Little Grebe;;;;;;;;;;;;;;;;;;;;;;;;;;;;;;;
;;;;;;Tadorna ferruginea | Ruddy Shelduck;;;;;;;;;;;;;;;;;;;;;;;;;;;;;;;
;;;;;;Tadorna tadorna | Shelduck;;;;;;;;;;;;;;;;;;;;;;;;;;;;;;;
;;;;;;Tarsiger cyanurus | Red-fl anked Bluetail;;;;;;;;;;;;;;;;;;;;;;;;;;;;;;;
;;;;;;Tetrao mlokosiewiczi | ;;;;;;;;;;;;;;;;;;;;;;;;;;;;;;;
;;;;;;Tetrao tetrix | Black Grouse;;;;;;;;;;;;;;;;;;;;;;;;;;;;;;;
;;;;;;Tetrao urogallus | Western Capercaillie;;;;;;;;;;;;;;;;;;;;;;;;;;;;;;;
;;;;;;Tetraogallus caspius | ;;;;;;;;;;;;;;;;;;;;;;;;;;;;;;;
;;;;;;Tetraogallus caucasicus | ;;;;;;;;;;;;;;;;;;;;;;;;;;;;;;;
;;;;;;Tetrax tetrax | Little Bustard;;;;;;;;;;;;;;;;;;;;;;;;;;;;;;;
;;;;;;Tichodroma muraria | Wallcreeper;;;;;;;;;;;;;;;;;;;;;;;;;;;;;;;
;;;;;;Tringa erythropus | Spotted Redshank;;;;;;;;;;;;;;;;;;;;;;;;;;;;;;;
;;;;;;Tringa flavipes | ;;;;;;;;;;;;;;;;;;;;;;;;;;;;;;;
;;;;;;Tringa glareola | Wood Sandpiper;;;;;;;;;;;;;;;;;;;;;;;;;;;;;;;
;;;;;;Tringa nebularia | Greenshank ;;;;;;;;;;;;;;;;;;;;;;;;;;;;;;;
;;;;;;Tringa ochropus | Green Sandpiper;;;;;;;;;;;;;;;;;;;;;;;;;;;;;;;
;;;;;;Tringa stagnatilis | Marsh Sandpiper;;;;;;;;;;;;;;;;;;;;;;;;;;;;;;;
;;;;;;Tringa totanus | Common Redshank;;;;;;;;;;;;;;;;;;;;;;;;;;;;;;;
;;;;;;Troglodytes troglodytes | Wren;;;;;;;;;;;;;;;;;;;;;;;;;;;;;;;
;;;;;;Tryngites subruficollis | Buff-breasted Sandpiper;;;;;;;;;;;;;;;;;;;;;;;;;;;;;;;
;;;;;;Turdus iliacus | Redwing;;;;;;;;;;;;;;;;;;;;;;;;;;;;;;;
;;;;;;Turdus merula | Blackbird;;;;;;;;;;;;;;;;;;;;;;;;;;;;;;;
;;;;;;Turdus philomelos | Song Thrush;;;;;;;;;;;;;;;;;;;;;;;;;;;;;;;
;;;;;;Turdus pilaris | Fieldfare;;;;;;;;;;;;;;;;;;;;;;;;;;;;;;;
;;;;;;Turdus ruficollis | ;;;;;;;;;;;;;;;;;;;;;;;;;;;;;;;
;;;;;;Turdus torquatus | Ring Ouzel;;;;;;;;;;;;;;;;;;;;;;;;;;;;;;;
;;;;;;Turdus viscivorus | Mistle Thrush;;;;;;;;;;;;;;;;;;;;;;;;;;;;;;;
;;;;;;Turnix sylvatica | ;;;;;;;;;;;;;;;;;;;;;;;;;;;;;;;
;;;;;;Tyto alba | Barn Owl;;;;;;;;;;;;;;;;;;;;;;;;;;;;;;;
;;;;;;Upupa epops | Hoopoe;;;;;;;;;;;;;;;;;;;;;;;;;;;;;;;
;;;;;;Uria aalge | Common Murre;;;;;;;;;;;;;;;;;;;;;;;;;;;;;;;
;;;;;;Uria lomvia | ;;;;;;;;;;;;;;;;;;;;;;;;;;;;;;;
;;;;;;Vanellus vanellus | Lapwing;;;;;;;;;;;;;;;;;;;;;;;;;;;;;;;
;;;;;;Xenus cinereus | Terek Sandpiper;;;;;;;;;;;;;;;;;;;;;;;;;;;;;;;
;;;;;;Zoothera dauma | ;;;;;;;;;;;;;;;;;;;;;;;;;;;;;;;
;;;;;;Zoothera sibirica | ;;;;;;;;;;;;;;;;;;;;;;;;;;;;;;;
;;;;;;Anatinae | Ducks;;;;;;;;;;;;;;;;;;;;;;;;;;;;;;;
;;;;;;Aythya sp. | Unidentified diving duck;;;;;;;;;;;;;;;;;;;;;;;;;;;;;;;
;;;;;;Calidris sp. | ;;;;;;;;;;;;;;;;;;;;;;;;;;;;;;;
;;;;;;Charadrii sp. | ;;;;;;;;;;;;;;;;;;;;;;;;;;;;;;;
;;;;;;Cygnus sp. | Unidentified Swan;;;;;;;;;;;;;;;;;;;;;;;;;;;;;;;
;;;;;;Galinago sp. | ;;;;;;;;;;;;;;;;;;;;;;;;;;;;;;;
;;;;;;Gallinago sp. | Unidentified Snipe;;;;;;;;;;;;;;;;;;;;;;;;;;;;;;;
;;;;;;L.mich./cach. | Yellow legged/Caspian Gull;;;;;;;;;;;;;;;;;;;;;;;;;;;;;;;
;;;;;;Larus sp. | Unidentified Gull;;;;;;;;;;;;;;;;;;;;;;;;;;;;;;;
;;;;;;Mergus sp. | Unidentified Merganser;;;;;;;;;;;;;;;;;;;;;;;;;;;;;;;
;;;;;;Phalacrocorax sp. | Unidentified Cormorant;;;;;;;;;;;;;;;;;;;;;;;;;;;;;;;
;;;;;;Podiceps sp. | Unidentified Grebe;;;;;;;;;;;;;;;;;;;;;;;;;;;;;;;
;;;;;;Tringa sp. | Unidentified Shank;;;;;;;;;;;;;;;;;;;;;;;;;;;;;;;
;;;;;;Anser sp. | Unidentified goose;;;;;;;;;;;;;;;;;;;;;;;;;;;;;;;
;;;;;;Acrocephalus sp. | Unidentified Acrocephalus;;;;;;;;;;;;;;;;;;;;;;;;;;;;;;;
;;;;;;Anas sp. | Unidentified Duck;;;;;;;;;;;;;;;;;;;;;;;;;;;;;;;
;;;;;;Circus sp. | Unidentified Harrier;;;;;;;;;;;;;;;;;;;;;;;;;;;;;;;
;;;;;;Falco sp. | Unidentified Falcon;;;;;;;;;;;;;;;;;;;;;;;;;;;;;;;
;;;;;;Gavia sp. | Unidentified Diver;;;;;;;;;;;;;;;;;;;;;;;;;;;;;;;
;;;;;;Sterna sp. | Unidentified Tern;;;;;;;;;;;;;;;;;;;;;;;;;;;;;;;
;;;;;;Anthus sp. | Unidentified Pipit;;;;;;;;;;;;;;;;;;;;;;;;;;;;;;;
;;;;;;Motacilla sp. | Unidentified Wagtail;;;;;;;;;;;;;;;;;;;;;;;;;;;;;;;
;;;;;;Pelecanus sp. | Unidentified Pelican;;;;;;;;;;;;;;;;;;;;;;;;;;;;;;;
;;;;;;Phylloscopus sp. | Unidentified Warbler;;;;;;;;;;;;;;;;;;;;;;;;;;;;;;;
;;;;;;Dendrocopos sp. | Unidentified Woodpecker;;;;;;;;;;;;;;;;;;;;;;;;;;;;;;;
;;;;;;Turdus sp. | Unidentified trush;;;;;;;;;;;;;;;;;;;;;;;;;;;;;;;
;;;;;;Accipiter sp. | Unidentified Hawk;;;;;;;;;;;;;;;;;;;;;;;;;;;;;;;
;;;;;;Apus sp. | Unidentified Swift;;;;;;;;;;;;;;;;;;;;;;;;;;;;;;;
;;;;;;Aquila sp. | Unidentified Eagle;;;;;;;;;;;;;;;;;;;;;;;;;;;;;;;
;;;;;;Buteo sp. | Unidentified Buzzard;;;;;;;;;;;;;;;;;;;;;;;;;;;;;;;
;;;;;;Ciconia sp. | Unidentified Stork;;;;;;;;;;;;;;;;;;;;;;;;;;;;;;;
;;;;;;Corvus sp. | Unidentified Corvid;;;;;;;;;;;;;;;;;;;;;;;;;;;;;;;
;;;;;;Falconidae sp. | ;;;;;;;;;;;;;;;;;;;;;;;;;;;;;;;
;;;;;;Milvus sp. | Unidentified Kite;;;;;;;;;;;;;;;;;;;;;;;;;;;;;;;
;;;;;;Anas spp. | ;;;;;;;;;;;;;;;;;;;;;;;;;;;;;;;
;;;;;;Columba spp. | Unidentified pigeon;;;;;;;;;;;;;;;;;;;;;;;;;;;;;;;
;;;;;;Cygnus spp. | ;;;;;;;;;;;;;;;;;;;;;;;;;;;;;;;
;;;;;;Dendrocopos spp. | ;;;;;;;;;;;;;;;;;;;;;;;;;;;;;;;
;;;;;;Emberiza spp. | Unidentified Bunting;;;;;;;;;;;;;;;;;;;;;;;;;;;;;;;
;;;;;;Motacilla spp. | ;;;;;;;;;;;;;;;;;;;;;;;;;;;;;;;
;;;;;;Numenius spp. | Unidentified Curlew;;;;;;;;;;;;;;;;;;;;;;;;;;;;;;;
;;;;;;Pelecanus spp. | ;;;;;;;;;;;;;;;;;;;;;;;;;;;;;;;
;;;;;;Sterna spp. | ;;;;;;;;;;;;;;;;;;;;;;;;;;;;;;;
;;;;;;Tringa spp. | ;;;;;;;;;;;;;;;;;;;;;;;;;;;;;;;
;;;;;;Accipitriformes/Falconiformes | Unidentified raptor (UnR);;;;;;;;;;;;;;;;;;;;;;;;;;;;;;;
;;;;;;Anseriformes/Podicipediformes etc. | Unidentified water birds (UnWB);;;;;;;;;;;;;;;;;;;;;;;;;;;;;;;
;;;;;;Charadriiformes | Unidentified wader (UnW);;;;;;;;;;;;;;;;;;;;;;;;;;;;;;;
;;;;;;Columbiformes | Unidentified pigeon (UnP);;;;;;;;;;;;;;;;;;;;;;;;;;;;;;;
;;;;;;Passeriformes | Unidentified passerine (UnP);;;;;;;;;;;;;;;;;;;;;;;;;;;;;;;
;;;;;;Ciconiiformes | Unidentified storks and herons (UnSH);;;;;;;;;;;;;;;;;;;;;;;;;;;;;;;
;;;;;;Pelecaniformes | Unidentified pelicans and cormorants (UnPE);;;;;;;;;;;;;;;;;;;;;;;;;;;;;;;
